finalizer,interaction,parameter,metric,spearman_rank_correlation,absolute_rank_correlation,sample_count
sender,one_way,evidence_availability,timely_safe_world_coverage,0.8472665366134254,0.8472665366134254,64
sender,one_way,evidence_availability,mean_safe_world_evidence_traffic_kib,0.6017399267399266,0.6017399267399266,64
sender,one_way,conditional_validity,timely_safe_world_coverage,0.17168530798982456,0.17168530798982456,64
sender,one_way,conditional_validity,mean_safe_world_evidence_traffic_kib,0.25434981684981683,0.25434981684981683,64
sender,one_way,evidence_relation_error,timely_safe_world_coverage,-0.3190340173297301,0.3190340173297301,64
sender,one_way,evidence_relation_error,mean_safe_world_evidence_traffic_kib,-0.025869963369963365,0.025869963369963365,64
sender,one_way,endpoint_correlation,timely_safe_world_coverage,-0.05919155773327774,0.05919155773327774,64
sender,one_way,endpoint_correlation,mean_safe_world_evidence_traffic_kib,-0.07875457875457874,0.07875457875457874,64
sender,one_way,forward_delivery_success,timely_safe_world_coverage,0.1474403726116566,0.1474403726116566,64
sender,one_way,forward_delivery_success,mean_safe_world_evidence_traffic_kib,0.16108058608058606,0.16108058608058606,64
sender,one_way,reverse_delivery_success,timely_safe_world_coverage,0.016934789456017132,0.016934789456017132,64
sender,one_way,reverse_delivery_success,mean_safe_world_evidence_traffic_kib,0.1883241758241758,0.1883241758241758,64
sender,one_way,visual_record_kib,timely_safe_world_coverage,0.3434622792514002,0.3434622792514002,64
sender,one_way,visual_record_kib,mean_safe_world_evidence_traffic_kib,0.9747252747252746,0.9747252747252746,64
sender,one_way,radio_record_kib,timely_safe_world_coverage,-0.032952946194523186,0.032952946194523186,64
sender,one_way,radio_record_kib,mean_safe_world_evidence_traffic_kib,-0.11813186813186811,0.11813186813186811,64
sender,one_way,link_rate_mbps,timely_safe_world_coverage,-0.12715987373672405,0.12715987373672405,64
sender,one_way,link_rate_mbps,mean_safe_world_evidence_traffic_kib,-0.12967032967032965,0.12967032967032965,64
sender,one_way,fixed_per_message_latency_ms,timely_safe_world_coverage,-0.06686835674243301,0.06686835674243301,64
sender,one_way,fixed_per_message_latency_ms,mean_safe_world_evidence_traffic_kib,-0.045604395604395595,0.045604395604395595,64
sender,one_way,processing_time_ms,timely_safe_world_coverage,-0.07910540352120587,0.07910540352120587,64
sender,one_way,processing_time_ms,mean_safe_world_evidence_traffic_kib,0.1345238095238095,0.1345238095238095,64
sender,one_way,decision_deadline_ms,timely_safe_world_coverage,0.04083598756511844,0.04083598756511844,64
sender,one_way,decision_deadline_ms,mean_safe_world_evidence_traffic_kib,0.022115384615384613,0.022115384615384613,64
sender,one_way,visual_initial_age_ms,timely_safe_world_coverage,-0.12101843452939982,0.12101843452939982,64
sender,one_way,visual_initial_age_ms,mean_safe_world_evidence_traffic_kib,0.04235347985347985,0.04235347985347985,64
sender,one_way,radio_initial_age_ms,timely_safe_world_coverage,0.021861690312639168,0.021861690312639168,64
sender,one_way,radio_initial_age_ms,mean_safe_world_evidence_traffic_kib,0.08717948717948716,0.08717948717948716,64
sender,one_way,record_ttl_ms,timely_safe_world_coverage,0.19354699830246372,0.19354699830246372,64
sender,one_way,record_ttl_ms,mean_safe_world_evidence_traffic_kib,-0.12138278388278387,0.12138278388278387,64
sender,feedback,evidence_availability,timely_safe_world_coverage,0.45669447259253304,0.45669447259253304,64
sender,feedback,evidence_availability,mean_safe_world_evidence_traffic_kib,0.5430860805860805,0.5430860805860805,64
sender,feedback,conditional_validity,timely_safe_world_coverage,0.09642425166943891,0.09642425166943891,64
sender,feedback,conditional_validity,mean_safe_world_evidence_traffic_kib,0.23388278388278386,0.23388278388278386,64
sender,feedback,evidence_relation_error,timely_safe_world_coverage,-0.6231285191853759,0.6231285191853759,64
sender,feedback,evidence_relation_error,mean_safe_world_evidence_traffic_kib,-0.11762820512820511,0.11762820512820511,64
sender,feedback,endpoint_correlation,timely_safe_world_coverage,-0.20302381145930692,0.20302381145930692,64
sender,feedback,endpoint_correlation,mean_safe_world_evidence_traffic_kib,-0.16849816849816848,0.16849816849816848,64
sender,feedback,forward_delivery_success,timely_safe_world_coverage,0.16241445534888102,0.16241445534888102,64
sender,feedback,forward_delivery_success,mean_safe_world_evidence_traffic_kib,0.15902014652014648,0.15902014652014648,64
sender,feedback,reverse_delivery_success,timely_safe_world_coverage,0.11955412814183647,0.11955412814183647,64
sender,feedback,reverse_delivery_success,mean_safe_world_evidence_traffic_kib,0.2049450549450549,0.2049450549450549,64
sender,feedback,visual_record_kib,timely_safe_world_coverage,0.20568822622673305,0.20568822622673305,64
sender,feedback,visual_record_kib,mean_safe_world_evidence_traffic_kib,0.979120879120879,0.979120879120879,64
sender,feedback,radio_record_kib,timely_safe_world_coverage,-0.03302955547895501,0.03302955547895501,64
sender,feedback,radio_record_kib,mean_safe_world_evidence_traffic_kib,-0.12271062271062269,0.12271062271062269,64
sender,feedback,link_rate_mbps,timely_safe_world_coverage,-0.12132274828917967,0.12132274828917967,64
sender,feedback,link_rate_mbps,mean_safe_world_evidence_traffic_kib,-0.11437728937728936,0.11437728937728936,64
sender,feedback,fixed_per_message_latency_ms,timely_safe_world_coverage,-0.08916601833748496,0.08916601833748496,64
sender,feedback,fixed_per_message_latency_ms,mean_safe_world_evidence_traffic_kib,-0.026236263736263733,0.026236263736263733,64
sender,feedback,processing_time_ms,timely_safe_world_coverage,-0.13312886200001617,0.13312886200001617,64
sender,feedback,processing_time_ms,mean_safe_world_evidence_traffic_kib,0.14157509157509154,0.14157509157509154,64
sender,feedback,decision_deadline_ms,timely_safe_world_coverage,-0.003629116665976976,0.003629116665976976,64
sender,feedback,decision_deadline_ms,mean_safe_world_evidence_traffic_kib,-0.00032051282051282046,0.00032051282051282046,64
sender,feedback,visual_initial_age_ms,timely_safe_world_coverage,-0.09456375515080513,0.09456375515080513,64
sender,feedback,visual_initial_age_ms,mean_safe_world_evidence_traffic_kib,0.04331501831501831,0.04331501831501831,64
sender,feedback,radio_initial_age_ms,timely_safe_world_coverage,-0.08951055472982454,0.08951055472982454,64
sender,feedback,radio_initial_age_ms,mean_safe_world_evidence_traffic_kib,0.07110805860805859,0.07110805860805859,64
sender,feedback,record_ttl_ms,timely_safe_world_coverage,0.3011477759976211,0.3011477759976211,64
sender,feedback,record_ttl_ms,mean_safe_world_evidence_traffic_kib,-0.11785714285714284,0.11785714285714284,64
receiver,one_way,evidence_availability,timely_safe_world_coverage,0.47677092186975084,0.47677092186975084,64
receiver,one_way,evidence_availability,mean_safe_world_evidence_traffic_kib,0.6017399267399266,0.6017399267399266,64
receiver,one_way,conditional_validity,timely_safe_world_coverage,0.05081096985907685,0.05081096985907685,64
receiver,one_way,conditional_validity,mean_safe_world_evidence_traffic_kib,0.25434981684981683,0.25434981684981683,64
receiver,one_way,evidence_relation_error,timely_safe_world_coverage,-0.6647119483457953,0.6647119483457953,64
receiver,one_way,evidence_relation_error,mean_safe_world_evidence_traffic_kib,-0.025869963369963365,0.025869963369963365,64
receiver,one_way,endpoint_correlation,timely_safe_world_coverage,-0.22028777554773804,0.22028777554773804,64
receiver,one_way,endpoint_correlation,mean_safe_world_evidence_traffic_kib,-0.07875457875457874,0.07875457875457874,64
receiver,one_way,forward_delivery_success,timely_safe_world_coverage,0.16920190413847683,0.16920190413847683,64
receiver,one_way,forward_delivery_success,mean_safe_world_evidence_traffic_kib,0.16108058608058606,0.16108058608058606,64
receiver,one_way,reverse_delivery_success,timely_safe_world_coverage,0.11280126942565122,0.11280126942565122,64
receiver,one_way,reverse_delivery_success,mean_safe_world_evidence_traffic_kib,0.1883241758241758,0.1883241758241758,64
receiver,one_way,visual_record_kib,timely_safe_world_coverage,0.19417212828022334,0.19417212828022334,64
receiver,one_way,visual_record_kib,mean_safe_world_evidence_traffic_kib,0.9747252747252746,0.9747252747252746,64
receiver,one_way,radio_record_kib,timely_safe_world_coverage,0.01942637621302848,0.01942637621302848,64
receiver,one_way,radio_record_kib,mean_safe_world_evidence_traffic_kib,-0.11813186813186811,0.11813186813186811,64
receiver,one_way,link_rate_mbps,timely_safe_world_coverage,-0.18633743409996892,0.18633743409996892,64
receiver,one_way,link_rate_mbps,mean_safe_world_evidence_traffic_kib,-0.12967032967032965,0.12967032967032965,64
receiver,one_way,fixed_per_message_latency_ms,timely_safe_world_coverage,0.01195821743301989,0.01195821743301989,64
receiver,one_way,fixed_per_message_latency_ms,mean_safe_world_evidence_traffic_kib,-0.045604395604395595,0.045604395604395595,64
receiver,one_way,processing_time_ms,timely_safe_world_coverage,-0.11944472355510671,0.11944472355510671,64
receiver,one_way,processing_time_ms,mean_safe_world_evidence_traffic_kib,0.1345238095238095,0.1345238095238095,64
receiver,one_way,decision_deadline_ms,timely_safe_world_coverage,0.014432331384679177,0.014432331384679177,64
receiver,one_way,decision_deadline_ms,mean_safe_world_evidence_traffic_kib,0.022115384615384613,0.022115384615384613,64
receiver,one_way,visual_initial_age_ms,timely_safe_world_coverage,-0.09539083791397475,0.09539083791397475,64
receiver,one_way,visual_initial_age_ms,mean_safe_world_evidence_traffic_kib,0.04235347985347985,0.04235347985347985,64
receiver,one_way,radio_initial_age_ms,timely_safe_world_coverage,-0.0886557499344578,0.0886557499344578,64
receiver,one_way,radio_initial_age_ms,mean_safe_world_evidence_traffic_kib,0.08717948717948716,0.08717948717948716,64
receiver,one_way,record_ttl_ms,timely_safe_world_coverage,0.23632369930849267,0.23632369930849267,64
receiver,one_way,record_ttl_ms,mean_safe_world_evidence_traffic_kib,-0.12138278388278387,0.12138278388278387,64
receiver,feedback,evidence_availability,timely_safe_world_coverage,0.44466517661179766,0.44466517661179766,64
receiver,feedback,evidence_availability,mean_safe_world_evidence_traffic_kib,0.2899267399267399,0.2899267399267399,64
receiver,feedback,conditional_validity,timely_safe_world_coverage,0.10185940197187768,0.10185940197187768,64
receiver,feedback,conditional_validity,mean_safe_world_evidence_traffic_kib,0.31712454212454205,0.31712454212454205,64
receiver,feedback,evidence_relation_error,timely_safe_world_coverage,-0.6222650081706957,0.6222650081706957,64
receiver,feedback,evidence_relation_error,mean_safe_world_evidence_traffic_kib,0.3573717948717948,0.3573717948717948,64
receiver,feedback,endpoint_correlation,timely_safe_world_coverage,-0.216663531909537,0.216663531909537,64
receiver,feedback,endpoint_correlation,mean_safe_world_evidence_traffic_kib,-0.2422161172161172,0.2422161172161172,64
receiver,feedback,forward_delivery_success,timely_safe_world_coverage,0.1682355602645028,0.1682355602645028,64
receiver,feedback,forward_delivery_success,mean_safe_world_evidence_traffic_kib,0.08988095238095237,0.08988095238095237,64
receiver,feedback,reverse_delivery_success,timely_safe_world_coverage,0.12751934145014698,0.12751934145014698,64
receiver,feedback,reverse_delivery_success,mean_safe_world_evidence_traffic_kib,0.1482142857142857,0.1482142857142857,64
receiver,feedback,visual_record_kib,timely_safe_world_coverage,0.20312206116519094,0.20312206116519094,64
receiver,feedback,visual_record_kib,mean_safe_world_evidence_traffic_kib,0.8660256410256408,0.8660256410256408,64
receiver,feedback,radio_record_kib,timely_safe_world_coverage,-0.031581463973254544,0.031581463973254544,64
receiver,feedback,radio_record_kib,mean_safe_world_evidence_traffic_kib,-0.1735347985347985,0.1735347985347985,64
receiver,feedback,link_rate_mbps,timely_safe_world_coverage,-0.1288046335885934,0.1288046335885934,64
receiver,feedback,link_rate_mbps,mean_safe_world_evidence_traffic_kib,-0.09299450549450548,0.09299450549450548,64
receiver,feedback,fixed_per_message_latency_ms,timely_safe_world_coverage,-0.08496699100943919,0.08496699100943919,64
receiver,feedback,fixed_per_message_latency_ms,mean_safe_world_evidence_traffic_kib,-0.09702380952380951,0.09702380952380951,64
receiver,feedback,processing_time_ms,timely_safe_world_coverage,-0.13665409629124822,0.13665409629124822,64
receiver,feedback,processing_time_ms,mean_safe_world_evidence_traffic_kib,0.11437728937728936,0.11437728937728936,64
receiver,feedback,decision_deadline_ms,timely_safe_world_coverage,-0.005829717913667627,0.005829717913667627,64
receiver,feedback,decision_deadline_ms,mean_safe_world_evidence_traffic_kib,-0.005815018315018314,0.005815018315018314,64
receiver,feedback,visual_initial_age_ms,timely_safe_world_coverage,-0.10360372701691208,0.10360372701691208,64
receiver,feedback,visual_initial_age_ms,mean_safe_world_evidence_traffic_kib,0.04995421245421244,0.04995421245421244,64
receiver,feedback,radio_initial_age_ms,timely_safe_world_coverage,-0.09800352555653846,0.09800352555653846,64
receiver,feedback,radio_initial_age_ms,mean_safe_world_evidence_traffic_kib,0.005265567765567765,0.005265567765567765,64
receiver,feedback,record_ttl_ms,timely_safe_world_coverage,0.298233679410225,0.298233679410225,64
receiver,feedback,record_ttl_ms,mean_safe_world_evidence_traffic_kib,-0.13489010989010985,0.13489010989010985,64
