finalizer,receiver_evidence_availability,fixed_per_message_latency_ms,decision_deadline_ms,coverage_tolerance_pp,one_way_timely_coverage,feedback_timely_coverage,feedback_minus_one_way_coverage_pp,one_way_evidence_traffic_kib,feedback_evidence_traffic_kib,one_way_selective_risk,feedback_selective_risk,feedback_traffic_saving_percent,selected_interaction,selection_basis,baseline_operating_point
sender,0.4,0.0,33.0,0.25,0.6366131739000016,0.5925215657697807,-4.409160813022095,9.801000000000013,7.420729659505739,0.02424152290303391,0.015662271531362647,32.59569510217815,one_way,coverage,False
receiver,0.4,0.0,33.0,0.25,0.5920761959906875,0.5920761959906875,0.0,9.801000000000013,6.371017967683797,0.015568265549214508,0.015568265549214508,31.539826291230533,feedback,traffic_within_coverage_tolerance,False
sender,0.4,0.5,33.0,0.25,0.6366131739000016,0.5925215657697807,-4.409160813022095,9.801000000000013,7.420729659505739,0.02424152290303391,0.015662271531362647,32.59569510217815,one_way,coverage,False
receiver,0.4,0.5,33.0,0.25,0.5920761959906875,0.5920761959906875,0.0,9.801000000000013,6.371017967683797,0.015568265549214508,0.015568265549214508,31.539826291230533,feedback,traffic_within_coverage_tolerance,False
sender,0.4,1.0,33.0,0.25,0.6366131739000016,0.5925215657697807,-4.409160813022095,9.801000000000013,7.420729659505739,0.02424152290303391,0.015662271531362647,32.59569510217815,one_way,coverage,False
receiver,0.4,1.0,33.0,0.25,0.5920761959906875,0.5920761959906875,0.0,9.801000000000013,6.371017967683797,0.015568265549214508,0.015568265549214508,31.539826291230533,feedback,traffic_within_coverage_tolerance,False
sender,0.4,2.0,33.0,0.25,0.6366131739000016,0.592243737225163,-4.436943667483861,9.801000000000013,7.420729659505739,0.02424152290303391,0.015612762735253083,32.59569510217815,one_way,coverage,False
receiver,0.4,2.0,33.0,0.25,0.5920761959906875,0.5920761959906875,0.0,9.801000000000013,6.371017967683797,0.015568265549214508,0.015568265549214508,31.539826291230533,feedback,traffic_within_coverage_tolerance,False
sender,0.4,3.0,33.0,0.25,0.6366131739000016,0.0,-63.661317390000164,9.801000000000013,7.420729659505739,0.02424152290303391,0.0,32.59569510217815,one_way,coverage,False
receiver,0.4,3.0,33.0,0.25,0.5920761959906875,0.0,-59.20761959906875,9.801000000000013,6.371017967683797,0.015568265549214508,0.0,31.539826291230533,one_way,coverage,False
sender,0.4,4.0,33.0,0.25,0.6366131739000016,0.0,-63.661317390000164,9.801000000000013,7.420729659505739,0.02424152290303391,0.0,32.59569510217815,one_way,coverage,False
receiver,0.4,4.0,33.0,0.25,0.5920761959906875,0.0,-59.20761959906875,9.801000000000013,6.371017967683797,0.015568265549214508,0.0,31.539826291230533,one_way,coverage,False
sender,0.4,5.0,33.0,0.25,0.0,0.0,0.0,9.801000000000013,7.420729659505739,0.0,0.0,32.59569510217815,feedback,traffic_within_coverage_tolerance,False
receiver,0.4,5.0,33.0,0.25,4.1027551645591944e-05,0.0,-0.004102755164559194,9.801000000000013,6.371017967683797,0.024241522903033906,0.0,31.539826291230533,feedback,traffic_within_coverage_tolerance,False
sender,0.4,6.0,33.0,0.25,0.0,0.0,0.0,9.801000000000013,7.420729659505739,0.0,0.0,32.59569510217815,feedback,traffic_within_coverage_tolerance,False
receiver,0.4,6.0,33.0,0.25,0.0,0.0,0.0,9.801000000000013,6.371017967683797,0.0,0.0,31.539826291230533,feedback,traffic_within_coverage_tolerance,False
sender,0.4,7.0,33.0,0.25,0.0,0.0,0.0,9.801000000000013,7.420729659505739,0.0,0.0,32.59569510217815,feedback,traffic_within_coverage_tolerance,False
receiver,0.4,7.0,33.0,0.25,0.0,0.0,0.0,9.801000000000013,6.371017967683797,0.0,0.0,31.539826291230533,feedback,traffic_within_coverage_tolerance,False
sender,0.4,8.0,33.0,0.25,0.0,0.0,0.0,9.801000000000013,7.420729659505739,0.0,0.0,32.59569510217815,feedback,traffic_within_coverage_tolerance,False
receiver,0.4,8.0,33.0,0.25,0.0,0.0,0.0,9.801000000000013,6.371017967683797,0.0,0.0,31.539826291230533,feedback,traffic_within_coverage_tolerance,False
sender,0.4,9.0,33.0,0.25,0.0,0.0,0.0,9.801000000000013,7.420729659505739,0.0,0.0,32.59569510217815,feedback,traffic_within_coverage_tolerance,False
receiver,0.4,9.0,33.0,0.25,0.0,0.0,0.0,9.801000000000013,6.371017967683797,0.0,0.0,31.539826291230533,feedback,traffic_within_coverage_tolerance,False
sender,0.4,10.0,33.0,0.25,0.0,0.0,0.0,9.801000000000013,7.420729659505739,0.0,0.0,32.59569510217815,feedback,traffic_within_coverage_tolerance,False
receiver,0.4,10.0,33.0,0.25,0.0,0.0,0.0,9.801000000000013,6.371017967683797,0.0,0.0,31.539826291230533,feedback,traffic_within_coverage_tolerance,False
sender,0.4,11.0,33.0,0.25,0.0,0.0,0.0,9.801000000000013,7.420729659505739,0.0,0.0,32.59569510217815,feedback,traffic_within_coverage_tolerance,False
receiver,0.4,11.0,33.0,0.25,0.0,0.0,0.0,9.801000000000013,6.371017967683797,0.0,0.0,31.539826291230533,feedback,traffic_within_coverage_tolerance,False
sender,0.4,12.0,33.0,0.25,0.0,0.0,0.0,9.801000000000013,7.420729659505739,0.0,0.0,32.59569510217815,feedback,traffic_within_coverage_tolerance,False
receiver,0.4,12.0,33.0,0.25,0.0,0.0,0.0,9.801000000000013,6.371017967683797,0.0,0.0,31.539826291230533,feedback,traffic_within_coverage_tolerance,False
sender,0.4,13.0,33.0,0.25,0.0,0.0,0.0,9.801000000000013,7.420729659505739,0.0,0.0,32.59569510217815,feedback,traffic_within_coverage_tolerance,False
receiver,0.4,13.0,33.0,0.25,0.0,0.0,0.0,9.801000000000013,6.371017967683797,0.0,0.0,31.539826291230533,feedback,traffic_within_coverage_tolerance,False
sender,0.4,14.0,33.0,0.25,0.0,0.0,0.0,9.801000000000013,7.420729659505739,0.0,0.0,32.59569510217815,feedback,traffic_within_coverage_tolerance,False
receiver,0.4,14.0,33.0,0.25,0.0,0.0,0.0,9.801000000000013,6.371017967683797,0.0,0.0,31.539826291230533,feedback,traffic_within_coverage_tolerance,False
sender,0.4,15.0,33.0,0.25,0.0,0.0,0.0,9.801000000000013,7.420729659505739,0.0,0.0,32.59569510217815,feedback,traffic_within_coverage_tolerance,False
receiver,0.4,15.0,33.0,0.25,0.0,0.0,0.0,9.801000000000013,6.371017967683797,0.0,0.0,31.539826291230533,feedback,traffic_within_coverage_tolerance,False
sender,0.5,0.0,33.0,0.25,0.6366131739000005,0.5940960374610075,-4.251713643899302,9.801000000000027,7.658328049690569,0.024241522903033913,0.01369782259179452,29.37852612163012,one_way,coverage,False
receiver,0.5,0.0,33.0,0.25,0.5936665714363712,0.5936665714363712,0.0,9.801000000000027,5.586385006125004,0.013582368486919892,0.013582368486919892,38.754787499999885,feedback,traffic_within_coverage_tolerance,False
sender,0.5,0.5,33.0,0.25,0.6366131739000005,0.5940960374610075,-4.251713643899302,9.801000000000027,7.658328049690569,0.024241522903033913,0.01369782259179452,29.37852612163012,one_way,coverage,False
receiver,0.5,0.5,33.0,0.25,0.5936665714363712,0.5936665714363712,0.0,9.801000000000027,5.586385006125004,0.013582368486919892,0.013582368486919892,38.754787499999885,feedback,traffic_within_coverage_tolerance,False
sender,0.5,1.0,33.0,0.25,0.6366131739000005,0.5940960374610075,-4.251713643899302,9.801000000000027,7.658328049690569,0.024241522903033913,0.01369782259179452,29.37852612163012,one_way,coverage,False
receiver,0.5,1.0,33.0,0.25,0.5936665714363712,0.5936665714363712,0.0,9.801000000000027,5.586385006125004,0.013582368486919892,0.013582368486919892,38.754787499999885,feedback,traffic_within_coverage_tolerance,False
sender,0.5,2.0,33.0,0.25,0.6366131739000005,0.5937546536465036,-4.285852025349691,9.801000000000027,7.658328049690569,0.024241522903033913,0.013635768100114786,29.37852612163012,one_way,coverage,False
receiver,0.5,2.0,33.0,0.25,0.5936665714363712,0.5936665714363712,0.0,9.801000000000027,5.586385006125004,0.013582368486919892,0.013582368486919892,38.754787499999885,feedback,traffic_within_coverage_tolerance,False
sender,0.5,3.0,33.0,0.25,0.6366131739000005,0.0,-63.66131739000005,9.801000000000027,7.658328049690569,0.024241522903033913,0.0,29.37852612163012,one_way,coverage,False
receiver,0.5,3.0,33.0,0.25,0.5936665714363712,0.0,-59.36665714363713,9.801000000000027,5.586385006125004,0.013582368486919892,0.0,38.754787499999885,one_way,coverage,False
sender,0.5,4.0,33.0,0.25,0.6366131739000005,0.0,-63.66131739000005,9.801000000000027,7.658328049690569,0.024241522903033913,0.0,29.37852612163012,one_way,coverage,False
receiver,0.5,4.0,33.0,0.25,0.5936665714363712,0.0,-59.36665714363713,9.801000000000027,5.586385006125004,0.013582368486919892,0.0,38.754787499999885,one_way,coverage,False
sender,0.5,5.0,33.0,0.25,0.0,0.0,0.0,9.801000000000027,7.658328049690569,0.0,0.0,29.37852612163012,feedback,traffic_within_coverage_tolerance,False
receiver,0.5,5.0,33.0,0.25,0.00023726857895296945,0.0,-0.023726857895296945,9.801000000000027,5.586385006125004,0.0242415229030339,0.0,38.754787499999885,feedback,traffic_within_coverage_tolerance,False
sender,0.5,6.0,33.0,0.25,0.0,0.0,0.0,9.801000000000027,7.658328049690569,0.0,0.0,29.37852612163012,feedback,traffic_within_coverage_tolerance,False
receiver,0.5,6.0,33.0,0.25,0.0,0.0,0.0,9.801000000000027,5.586385006125004,0.0,0.0,38.754787499999885,feedback,traffic_within_coverage_tolerance,False
sender,0.5,7.0,33.0,0.25,0.0,0.0,0.0,9.801000000000027,7.658328049690569,0.0,0.0,29.37852612163012,feedback,traffic_within_coverage_tolerance,False
receiver,0.5,7.0,33.0,0.25,0.0,0.0,0.0,9.801000000000027,5.586385006125004,0.0,0.0,38.754787499999885,feedback,traffic_within_coverage_tolerance,False
sender,0.5,8.0,33.0,0.25,0.0,0.0,0.0,9.801000000000027,7.658328049690569,0.0,0.0,29.37852612163012,feedback,traffic_within_coverage_tolerance,False
receiver,0.5,8.0,33.0,0.25,0.0,0.0,0.0,9.801000000000027,5.586385006125004,0.0,0.0,38.754787499999885,feedback,traffic_within_coverage_tolerance,False
sender,0.5,9.0,33.0,0.25,0.0,0.0,0.0,9.801000000000027,7.658328049690569,0.0,0.0,29.37852612163012,feedback,traffic_within_coverage_tolerance,False
receiver,0.5,9.0,33.0,0.25,0.0,0.0,0.0,9.801000000000027,5.586385006125004,0.0,0.0,38.754787499999885,feedback,traffic_within_coverage_tolerance,False
sender,0.5,10.0,33.0,0.25,0.0,0.0,0.0,9.801000000000027,7.658328049690569,0.0,0.0,29.37852612163012,feedback,traffic_within_coverage_tolerance,False
receiver,0.5,10.0,33.0,0.25,0.0,0.0,0.0,9.801000000000027,5.586385006125004,0.0,0.0,38.754787499999885,feedback,traffic_within_coverage_tolerance,False
sender,0.5,11.0,33.0,0.25,0.0,0.0,0.0,9.801000000000027,7.658328049690569,0.0,0.0,29.37852612163012,feedback,traffic_within_coverage_tolerance,False
receiver,0.5,11.0,33.0,0.25,0.0,0.0,0.0,9.801000000000027,5.586385006125004,0.0,0.0,38.754787499999885,feedback,traffic_within_coverage_tolerance,False
sender,0.5,12.0,33.0,0.25,0.0,0.0,0.0,9.801000000000027,7.658328049690569,0.0,0.0,29.37852612163012,feedback,traffic_within_coverage_tolerance,False
receiver,0.5,12.0,33.0,0.25,0.0,0.0,0.0,9.801000000000027,5.586385006125004,0.0,0.0,38.754787499999885,feedback,traffic_within_coverage_tolerance,False
sender,0.5,13.0,33.0,0.25,0.0,0.0,0.0,9.801000000000027,7.658328049690569,0.0,0.0,29.37852612163012,feedback,traffic_within_coverage_tolerance,False
receiver,0.5,13.0,33.0,0.25,0.0,0.0,0.0,9.801000000000027,5.586385006125004,0.0,0.0,38.754787499999885,feedback,traffic_within_coverage_tolerance,False
sender,0.5,14.0,33.0,0.25,0.0,0.0,0.0,9.801000000000027,7.658328049690569,0.0,0.0,29.37852612163012,feedback,traffic_within_coverage_tolerance,False
receiver,0.5,14.0,33.0,0.25,0.0,0.0,0.0,9.801000000000027,5.586385006125004,0.0,0.0,38.754787499999885,feedback,traffic_within_coverage_tolerance,False
sender,0.5,15.0,33.0,0.25,0.0,0.0,0.0,9.801000000000027,7.658328049690569,0.0,0.0,29.37852612163012,feedback,traffic_within_coverage_tolerance,False
receiver,0.5,15.0,33.0,0.25,0.0,0.0,0.0,9.801000000000027,5.586385006125004,0.0,0.0,38.754787499999885,feedback,traffic_within_coverage_tolerance,False
sender,0.6,0.0,33.0,0.25,0.6366131738999995,0.5979095579860181,-3.8703615913981415,9.800999999999995,7.922131990021707,0.024241522903033906,0.011789095586687986,25.927594797823563,one_way,coverage,False
receiver,0.6,0.0,33.0,0.25,0.5975186123707252,0.5975186123707252,0.0,9.800999999999995,4.81485243148378,0.011653354924348462,0.011653354924348462,45.84928629123037,feedback,traffic_within_coverage_tolerance,False
sender,0.6,0.5,33.0,0.25,0.6366131738999995,0.5979095579860181,-3.8703615913981415,9.800999999999995,7.922131990021707,0.024241522903033906,0.011789095586687986,25.927594797823563,one_way,coverage,False
receiver,0.6,0.5,33.0,0.25,0.5975186123707252,0.5975186123707252,0.0,9.800999999999995,4.81485243148378,0.011653354924348462,0.011653354924348462,45.84928629123037,feedback,traffic_within_coverage_tolerance,False
sender,0.6,1.0,33.0,0.25,0.6366131738999995,0.5979095579860181,-3.8703615913981415,9.800999999999995,7.922131990021707,0.024241522903033906,0.011789095586687986,25.927594797823563,one_way,coverage,False
receiver,0.6,1.0,33.0,0.25,0.5975186123707252,0.5975186123707252,0.0,9.800999999999995,4.81485243148378,0.011653354924348462,0.011653354924348462,45.84928629123037,feedback,traffic_within_coverage_tolerance,False
sender,0.6,2.0,33.0,0.25,0.6366131738999995,0.5975056800329682,-3.9107493867031273,9.800999999999995,7.922131990021707,0.024241522903033906,0.011714565872708934,25.927594797823563,one_way,coverage,False
receiver,0.6,2.0,33.0,0.25,0.5975186123707252,0.5975186123707252,0.0,9.800999999999995,4.81485243148378,0.011653354924348462,0.011653354924348462,45.84928629123037,feedback,traffic_within_coverage_tolerance,False
sender,0.6,3.0,33.0,0.25,0.6366131738999995,0.0,-63.66131738999995,9.800999999999995,7.922131990021707,0.024241522903033906,0.0,25.927594797823563,one_way,coverage,False
receiver,0.6,3.0,33.0,0.25,0.5975186123707252,0.0,-59.751861237072525,9.800999999999995,4.81485243148378,0.011653354924348462,0.0,45.84928629123037,one_way,coverage,False
sender,0.6,4.0,33.0,0.25,0.6366131738999995,0.0,-63.66131738999995,9.800999999999995,7.922131990021707,0.024241522903033906,0.0,25.927594797823563,one_way,coverage,False
receiver,0.6,4.0,33.0,0.25,0.5975186123707252,0.0,-59.751861237072525,9.800999999999995,4.81485243148378,0.011653354924348462,0.0,45.84928629123037,one_way,coverage,False
sender,0.6,5.0,33.0,0.25,0.0,0.0,0.0,9.800999999999995,7.922131990021707,0.0,0.0,25.927594797823563,feedback,traffic_within_coverage_tolerance,False
receiver,0.6,5.0,33.0,0.25,0.000662121016812361,0.0,-0.06621210168123609,9.800999999999995,4.81485243148378,0.024241522903033896,0.0,45.84928629123037,feedback,traffic_within_coverage_tolerance,False
sender,0.6,6.0,33.0,0.25,0.0,0.0,0.0,9.800999999999995,7.922131990021707,0.0,0.0,25.927594797823563,feedback,traffic_within_coverage_tolerance,False
receiver,0.6,6.0,33.0,0.25,0.0,0.0,0.0,9.800999999999995,4.81485243148378,0.0,0.0,45.84928629123037,feedback,traffic_within_coverage_tolerance,False
sender,0.6,7.0,33.0,0.25,0.0,0.0,0.0,9.800999999999995,7.922131990021707,0.0,0.0,25.927594797823563,feedback,traffic_within_coverage_tolerance,False
receiver,0.6,7.0,33.0,0.25,0.0,0.0,0.0,9.800999999999995,4.81485243148378,0.0,0.0,45.84928629123037,feedback,traffic_within_coverage_tolerance,False
sender,0.6,8.0,33.0,0.25,0.0,0.0,0.0,9.800999999999995,7.922131990021707,0.0,0.0,25.927594797823563,feedback,traffic_within_coverage_tolerance,False
receiver,0.6,8.0,33.0,0.25,0.0,0.0,0.0,9.800999999999995,4.81485243148378,0.0,0.0,45.84928629123037,feedback,traffic_within_coverage_tolerance,False
sender,0.6,9.0,33.0,0.25,0.0,0.0,0.0,9.800999999999995,7.922131990021707,0.0,0.0,25.927594797823563,feedback,traffic_within_coverage_tolerance,False
receiver,0.6,9.0,33.0,0.25,0.0,0.0,0.0,9.800999999999995,4.81485243148378,0.0,0.0,45.84928629123037,feedback,traffic_within_coverage_tolerance,False
sender,0.6,10.0,33.0,0.25,0.0,0.0,0.0,9.800999999999995,7.922131990021707,0.0,0.0,25.927594797823563,feedback,traffic_within_coverage_tolerance,False
receiver,0.6,10.0,33.0,0.25,0.0,0.0,0.0,9.800999999999995,4.81485243148378,0.0,0.0,45.84928629123037,feedback,traffic_within_coverage_tolerance,False
sender,0.6,11.0,33.0,0.25,0.0,0.0,0.0,9.800999999999995,7.922131990021707,0.0,0.0,25.927594797823563,feedback,traffic_within_coverage_tolerance,False
receiver,0.6,11.0,33.0,0.25,0.0,0.0,0.0,9.800999999999995,4.81485243148378,0.0,0.0,45.84928629123037,feedback,traffic_within_coverage_tolerance,False
sender,0.6,12.0,33.0,0.25,0.0,0.0,0.0,9.800999999999995,7.922131990021707,0.0,0.0,25.927594797823563,feedback,traffic_within_coverage_tolerance,False
receiver,0.6,12.0,33.0,0.25,0.0,0.0,0.0,9.800999999999995,4.81485243148378,0.0,0.0,45.84928629123037,feedback,traffic_within_coverage_tolerance,False
sender,0.6,13.0,33.0,0.25,0.0,0.0,0.0,9.800999999999995,7.922131990021707,0.0,0.0,25.927594797823563,feedback,traffic_within_coverage_tolerance,False
receiver,0.6,13.0,33.0,0.25,0.0,0.0,0.0,9.800999999999995,4.81485243148378,0.0,0.0,45.84928629123037,feedback,traffic_within_coverage_tolerance,False
sender,0.6,14.0,33.0,0.25,0.0,0.0,0.0,9.800999999999995,7.922131990021707,0.0,0.0,25.927594797823563,feedback,traffic_within_coverage_tolerance,False
receiver,0.6,14.0,33.0,0.25,0.0,0.0,0.0,9.800999999999995,4.81485243148378,0.0,0.0,45.84928629123037,feedback,traffic_within_coverage_tolerance,False
sender,0.6,15.0,33.0,0.25,0.0,0.0,0.0,9.800999999999995,7.922131990021707,0.0,0.0,25.927594797823563,feedback,traffic_within_coverage_tolerance,False
receiver,0.6,15.0,33.0,0.25,0.0,0.0,0.0,9.800999999999995,4.81485243148378,0.0,0.0,45.84928629123037,feedback,traffic_within_coverage_tolerance,False
sender,0.7,0.0,33.0,0.25,0.6366131739000007,0.6041324419303213,-3.2480731969679377,9.800999999999979,8.213509151362073,0.024241522903033896,0.009950556735443462,22.230984692420243,one_way,coverage,False
receiver,0.7,0.0,33.0,0.25,0.6038043537286076,0.6038043537286076,0.0,9.800999999999979,4.05728535815342,0.009796106677901794,0.009796106677901794,52.81536765016423,feedback,traffic_within_coverage_tolerance,False
sender,0.7,0.5,33.0,0.25,0.6366131739000007,0.6041324419303213,-3.2480731969679377,9.800999999999979,8.213509151362073,0.024241522903033896,0.009950556735443462,22.230984692420243,one_way,coverage,False
receiver,0.7,0.5,33.0,0.25,0.6038043537286076,0.6038043537286076,0.0,9.800999999999979,4.05728535815342,0.009796106677901794,0.009796106677901794,52.81536765016423,feedback,traffic_within_coverage_tolerance,False
sender,0.7,1.0,33.0,0.25,0.6366131739000007,0.6041324419303213,-3.2480731969679377,9.800999999999979,8.213509151362073,0.024241522903033896,0.009950556735443462,22.230984692420243,one_way,coverage,False
receiver,0.7,1.0,33.0,0.25,0.6038043537286076,0.6038043537286076,0.0,9.800999999999979,4.05728535815342,0.009796106677901794,0.009796106677901794,52.81536765016423,feedback,traffic_within_coverage_tolerance,False
sender,0.7,2.0,33.0,0.25,0.6366131739000007,0.6036672010443319,-3.2945972855668804,9.800999999999979,8.213509151362073,0.024241522903033896,0.009863842454844805,22.230984692420243,one_way,coverage,False
receiver,0.7,2.0,33.0,0.25,0.6038043537286076,0.6038043537286076,0.0,9.800999999999979,4.05728535815342,0.009796106677901794,0.009796106677901794,52.81536765016423,feedback,traffic_within_coverage_tolerance,False
sender,0.7,3.0,33.0,0.25,0.6366131739000007,0.0,-63.66131739000007,9.800999999999979,8.213509151362073,0.024241522903033896,0.0,22.230984692420243,one_way,coverage,False
receiver,0.7,3.0,33.0,0.25,0.6038043537286076,0.0,-60.38043537286077,9.800999999999979,4.05728535815342,0.009796106677901794,0.0,52.81536765016423,one_way,coverage,False
sender,0.7,4.0,33.0,0.25,0.6366131739000007,0.0,-63.66131739000007,9.800999999999979,8.213509151362073,0.024241522903033896,0.0,22.230984692420243,one_way,coverage,False
receiver,0.7,4.0,33.0,0.25,0.6038043537286076,0.0,-60.38043537286077,9.800999999999979,4.05728535815342,0.009796106677901794,0.0,52.81536765016423,one_way,coverage,False
sender,0.7,5.0,33.0,0.25,0.0,0.0,0.0,9.800999999999979,8.213509151362073,0.0,0.0,22.230984692420243,feedback,traffic_within_coverage_tolerance,False
receiver,0.7,5.0,33.0,0.25,0.0014045752236978447,0.0,-0.14045752236978445,9.800999999999979,4.05728535815342,0.0242415229030339,0.0,52.81536765016423,feedback,traffic_within_coverage_tolerance,False
sender,0.7,6.0,33.0,0.25,0.0,0.0,0.0,9.800999999999979,8.213509151362073,0.0,0.0,22.230984692420243,feedback,traffic_within_coverage_tolerance,False
receiver,0.7,6.0,33.0,0.25,0.0,0.0,0.0,9.800999999999979,4.05728535815342,0.0,0.0,52.81536765016423,feedback,traffic_within_coverage_tolerance,False
sender,0.7,7.0,33.0,0.25,0.0,0.0,0.0,9.800999999999979,8.213509151362073,0.0,0.0,22.230984692420243,feedback,traffic_within_coverage_tolerance,False
receiver,0.7,7.0,33.0,0.25,0.0,0.0,0.0,9.800999999999979,4.05728535815342,0.0,0.0,52.81536765016423,feedback,traffic_within_coverage_tolerance,False
sender,0.7,8.0,33.0,0.25,0.0,0.0,0.0,9.800999999999979,8.213509151362073,0.0,0.0,22.230984692420243,feedback,traffic_within_coverage_tolerance,False
receiver,0.7,8.0,33.0,0.25,0.0,0.0,0.0,9.800999999999979,4.05728535815342,0.0,0.0,52.81536765016423,feedback,traffic_within_coverage_tolerance,False
sender,0.7,9.0,33.0,0.25,0.0,0.0,0.0,9.800999999999979,8.213509151362073,0.0,0.0,22.230984692420243,feedback,traffic_within_coverage_tolerance,False
receiver,0.7,9.0,33.0,0.25,0.0,0.0,0.0,9.800999999999979,4.05728535815342,0.0,0.0,52.81536765016423,feedback,traffic_within_coverage_tolerance,False
sender,0.7,10.0,33.0,0.25,0.0,0.0,0.0,9.800999999999979,8.213509151362073,0.0,0.0,22.230984692420243,feedback,traffic_within_coverage_tolerance,False
receiver,0.7,10.0,33.0,0.25,0.0,0.0,0.0,9.800999999999979,4.05728535815342,0.0,0.0,52.81536765016423,feedback,traffic_within_coverage_tolerance,False
sender,0.7,11.0,33.0,0.25,0.0,0.0,0.0,9.800999999999979,8.213509151362073,0.0,0.0,22.230984692420243,feedback,traffic_within_coverage_tolerance,False
receiver,0.7,11.0,33.0,0.25,0.0,0.0,0.0,9.800999999999979,4.05728535815342,0.0,0.0,52.81536765016423,feedback,traffic_within_coverage_tolerance,False
sender,0.7,12.0,33.0,0.25,0.0,0.0,0.0,9.800999999999979,8.213509151362073,0.0,0.0,22.230984692420243,feedback,traffic_within_coverage_tolerance,False
receiver,0.7,12.0,33.0,0.25,0.0,0.0,0.0,9.800999999999979,4.05728535815342,0.0,0.0,52.81536765016423,feedback,traffic_within_coverage_tolerance,False
sender,0.7,13.0,33.0,0.25,0.0,0.0,0.0,9.800999999999979,8.213509151362073,0.0,0.0,22.230984692420243,feedback,traffic_within_coverage_tolerance,False
receiver,0.7,13.0,33.0,0.25,0.0,0.0,0.0,9.800999999999979,4.05728535815342,0.0,0.0,52.81536765016423,feedback,traffic_within_coverage_tolerance,False
sender,0.7,14.0,33.0,0.25,0.0,0.0,0.0,9.800999999999979,8.213509151362073,0.0,0.0,22.230984692420243,feedback,traffic_within_coverage_tolerance,False
receiver,0.7,14.0,33.0,0.25,0.0,0.0,0.0,9.800999999999979,4.05728535815342,0.0,0.0,52.81536765016423,feedback,traffic_within_coverage_tolerance,False
sender,0.7,15.0,33.0,0.25,0.0,0.0,0.0,9.800999999999979,8.213509151362073,0.0,0.0,22.230984692420243,feedback,traffic_within_coverage_tolerance,False
receiver,0.7,15.0,33.0,0.25,0.0,0.0,0.0,9.800999999999979,4.05728535815342,0.0,0.0,52.81536765016423,feedback,traffic_within_coverage_tolerance,False
sender,0.75,0.0,33.0,0.25,0.6366131738999963,0.6083092343255289,-2.830393957446742,9.800999999999929,8.371168068136516,0.024241522903033903,0.009064935073207072,20.27615774704122,one_way,coverage,False
receiver,0.75,0.0,33.0,0.25,0.6080233359459887,0.6080233359459887,0.0,9.800999999999929,3.6846128044910125,0.00890190466076166,0.00890190466076166,56.24221580717441,feedback,traffic_within_coverage_tolerance,False
sender,0.75,0.5,33.0,0.25,0.6366131738999963,0.6083092343255289,-2.830393957446742,9.800999999999929,8.371168068136516,0.024241522903033903,0.009064935073207072,20.27615774704122,one_way,coverage,False
receiver,0.75,0.5,33.0,0.25,0.6080233359459887,0.6080233359459887,0.0,9.800999999999929,3.6846128044910125,0.00890190466076166,0.00890190466076166,56.24221580717441,feedback,traffic_within_coverage_tolerance,False
sender,0.75,1.0,33.0,0.25,0.6366131738999963,0.6083092343255289,-2.830393957446742,9.800999999999929,8.371168068136516,0.024241522903033903,0.009064935073207072,20.27615774704122,one_way,coverage,False
receiver,0.75,1.0,33.0,0.25,0.6080233359459887,0.6080233359459887,0.0,9.800999999999929,3.6846128044910125,0.00890190466076166,0.00890190466076166,56.24221580717441,feedback,traffic_within_coverage_tolerance,False
sender,0.75,2.0,33.0,0.25,0.6366131738999963,0.6078138069626926,-2.879936693730367,9.800999999999929,8.371168068136516,0.024241522903033903,0.00897233715856723,20.27615774704122,one_way,coverage,False
receiver,0.75,2.0,33.0,0.25,0.6080233359459887,0.6080233359459887,0.0,9.800999999999929,3.6846128044910125,0.00890190466076166,0.00890190466076166,56.24221580717441,feedback,traffic_within_coverage_tolerance,False
sender,0.75,3.0,33.0,0.25,0.6366131738999963,0.0,-63.661317389999624,9.800999999999929,8.371168068136516,0.024241522903033903,0.0,20.27615774704122,one_way,coverage,False
receiver,0.75,3.0,33.0,0.25,0.6080233359459887,0.0,-60.80233359459887,9.800999999999929,3.6846128044910125,0.00890190466076166,0.0,56.24221580717441,one_way,coverage,False
sender,0.75,4.0,33.0,0.25,0.6366131738999963,0.0,-63.661317389999624,9.800999999999929,8.371168068136516,0.024241522903033903,0.0,20.27615774704122,one_way,coverage,False
receiver,0.75,4.0,33.0,0.25,0.6080233359459887,0.0,-60.80233359459887,9.800999999999929,3.6846128044910125,0.00890190466076166,0.0,56.24221580717441,one_way,coverage,False
sender,0.75,5.0,33.0,0.25,0.0,0.0,0.0,9.800999999999929,8.371168068136516,0.0,0.0,20.27615774704122,feedback,traffic_within_coverage_tolerance,False
receiver,0.75,5.0,33.0,0.25,0.00193345051746435,0.0,-0.193345051746435,9.800999999999929,3.6846128044910125,0.024241522903033903,0.0,56.24221580717441,feedback,traffic_within_coverage_tolerance,False
sender,0.75,6.0,33.0,0.25,0.0,0.0,0.0,9.800999999999929,8.371168068136516,0.0,0.0,20.27615774704122,feedback,traffic_within_coverage_tolerance,False
receiver,0.75,6.0,33.0,0.25,0.0,0.0,0.0,9.800999999999929,3.6846128044910125,0.0,0.0,56.24221580717441,feedback,traffic_within_coverage_tolerance,False
sender,0.75,7.0,33.0,0.25,0.0,0.0,0.0,9.800999999999929,8.371168068136516,0.0,0.0,20.27615774704122,feedback,traffic_within_coverage_tolerance,False
receiver,0.75,7.0,33.0,0.25,0.0,0.0,0.0,9.800999999999929,3.6846128044910125,0.0,0.0,56.24221580717441,feedback,traffic_within_coverage_tolerance,False
sender,0.75,8.0,33.0,0.25,0.0,0.0,0.0,9.800999999999929,8.371168068136516,0.0,0.0,20.27615774704122,feedback,traffic_within_coverage_tolerance,False
receiver,0.75,8.0,33.0,0.25,0.0,0.0,0.0,9.800999999999929,3.6846128044910125,0.0,0.0,56.24221580717441,feedback,traffic_within_coverage_tolerance,False
sender,0.75,9.0,33.0,0.25,0.0,0.0,0.0,9.800999999999929,8.371168068136516,0.0,0.0,20.27615774704122,feedback,traffic_within_coverage_tolerance,False
receiver,0.75,9.0,33.0,0.25,0.0,0.0,0.0,9.800999999999929,3.6846128044910125,0.0,0.0,56.24221580717441,feedback,traffic_within_coverage_tolerance,False
sender,0.75,10.0,33.0,0.25,0.0,0.0,0.0,9.800999999999929,8.371168068136516,0.0,0.0,20.27615774704122,feedback,traffic_within_coverage_tolerance,False
receiver,0.75,10.0,33.0,0.25,0.0,0.0,0.0,9.800999999999929,3.6846128044910125,0.0,0.0,56.24221580717441,feedback,traffic_within_coverage_tolerance,False
sender,0.75,11.0,33.0,0.25,0.0,0.0,0.0,9.800999999999929,8.371168068136516,0.0,0.0,20.27615774704122,feedback,traffic_within_coverage_tolerance,False
receiver,0.75,11.0,33.0,0.25,0.0,0.0,0.0,9.800999999999929,3.6846128044910125,0.0,0.0,56.24221580717441,feedback,traffic_within_coverage_tolerance,False
sender,0.75,12.0,33.0,0.25,0.0,0.0,0.0,9.800999999999929,8.371168068136516,0.0,0.0,20.27615774704122,feedback,traffic_within_coverage_tolerance,False
receiver,0.75,12.0,33.0,0.25,0.0,0.0,0.0,9.800999999999929,3.6846128044910125,0.0,0.0,56.24221580717441,feedback,traffic_within_coverage_tolerance,False
sender,0.75,13.0,33.0,0.25,0.0,0.0,0.0,9.800999999999929,8.371168068136516,0.0,0.0,20.27615774704122,feedback,traffic_within_coverage_tolerance,False
receiver,0.75,13.0,33.0,0.25,0.0,0.0,0.0,9.800999999999929,3.6846128044910125,0.0,0.0,56.24221580717441,feedback,traffic_within_coverage_tolerance,False
sender,0.75,14.0,33.0,0.25,0.0,0.0,0.0,9.800999999999929,8.371168068136516,0.0,0.0,20.27615774704122,feedback,traffic_within_coverage_tolerance,False
receiver,0.75,14.0,33.0,0.25,0.0,0.0,0.0,9.800999999999929,3.6846128044910125,0.0,0.0,56.24221580717441,feedback,traffic_within_coverage_tolerance,False
sender,0.75,15.0,33.0,0.25,0.0,0.0,0.0,9.800999999999929,8.371168068136516,0.0,0.0,20.27615774704122,feedback,traffic_within_coverage_tolerance,False
receiver,0.75,15.0,33.0,0.25,0.0,0.0,0.0,9.800999999999929,3.6846128044910125,0.0,0.0,56.24221580717441,feedback,traffic_within_coverage_tolerance,False
sender,0.8,0.0,33.0,0.25,0.6366131738999987,0.6133722792884085,-2.324089461159018,9.800999999999986,8.538658272280664,0.024241522903033896,0.008208189329050661,18.233940664923562,one_way,coverage,False
receiver,0.8,0.0,33.0,0.25,0.6131375227771806,0.6131375227771806,0.0,9.800999999999986,3.3169769324999963,0.008037243151506784,0.008037243151506784,59.622749999999904,feedback,traffic_within_coverage_tolerance,False
sender,0.8,0.5,33.0,0.25,0.6366131738999987,0.6133722792884085,-2.324089461159018,9.800999999999986,8.538658272280664,0.024241522903033896,0.008208189329050661,18.233940664923562,one_way,coverage,False
receiver,0.8,0.5,33.0,0.25,0.6131375227771806,0.6131375227771806,0.0,9.800999999999986,3.3169769324999963,0.008037243151506784,0.008037243151506784,59.622749999999904,feedback,traffic_within_coverage_tolerance,False
sender,0.8,1.0,33.0,0.25,0.6366131738999987,0.6133722792884085,-2.324089461159018,9.800999999999986,8.538658272280664,0.024241522903033896,0.008208189329050661,18.233940664923562,one_way,coverage,False
receiver,0.8,1.0,33.0,0.25,0.6131375227771806,0.6131375227771806,0.0,9.800999999999986,3.3169769324999963,0.008037243151506784,0.008037243151506784,59.622749999999904,feedback,traffic_within_coverage_tolerance,False
sender,0.8,2.0,33.0,0.25,0.6366131738999987,0.6128470734199412,-2.376610048005756,9.800999999999986,8.538658272280664,0.024241522903033896,0.008109927967767737,18.233940664923562,one_way,coverage,False
receiver,0.8,2.0,33.0,0.25,0.6131375227771806,0.6131375227771806,0.0,9.800999999999986,3.3169769324999963,0.008037243151506784,0.008037243151506784,59.622749999999904,feedback,traffic_within_coverage_tolerance,False
sender,0.8,3.0,33.0,0.25,0.6366131738999987,0.0,-63.66131738999987,9.800999999999986,8.538658272280664,0.024241522903033896,0.0,18.233940664923562,one_way,coverage,False
receiver,0.8,3.0,33.0,0.25,0.6131375227771806,0.0,-61.31375227771806,9.800999999999986,3.3169769324999963,0.008037243151506784,0.0,59.622749999999904,one_way,coverage,False
sender,0.8,4.0,33.0,0.25,0.6366131738999987,0.0,-63.66131738999987,9.800999999999986,8.538658272280664,0.024241522903033896,0.0,18.233940664923562,one_way,coverage,False
receiver,0.8,4.0,33.0,0.25,0.6131375227771806,0.0,-61.31375227771806,9.800999999999986,3.3169769324999963,0.008037243151506784,0.0,59.622749999999904,one_way,coverage,False
sender,0.8,5.0,33.0,0.25,0.0,0.0,0.0,9.800999999999986,8.538658272280664,0.0,0.0,18.233940664923562,feedback,traffic_within_coverage_tolerance,False
receiver,0.8,5.0,33.0,0.25,0.0025985213656874897,0.0,-0.25985213656874895,9.800999999999986,3.3169769324999963,0.024241522903033903,0.0,59.622749999999904,one_way,coverage,False
sender,0.8,6.0,33.0,0.25,0.0,0.0,0.0,9.800999999999986,8.538658272280664,0.0,0.0,18.233940664923562,feedback,traffic_within_coverage_tolerance,False
receiver,0.8,6.0,33.0,0.25,0.0,0.0,0.0,9.800999999999986,3.3169769324999963,0.0,0.0,59.622749999999904,feedback,traffic_within_coverage_tolerance,False
sender,0.8,7.0,33.0,0.25,0.0,0.0,0.0,9.800999999999986,8.538658272280664,0.0,0.0,18.233940664923562,feedback,traffic_within_coverage_tolerance,False
receiver,0.8,7.0,33.0,0.25,0.0,0.0,0.0,9.800999999999986,3.3169769324999963,0.0,0.0,59.622749999999904,feedback,traffic_within_coverage_tolerance,False
sender,0.8,8.0,33.0,0.25,0.0,0.0,0.0,9.800999999999986,8.538658272280664,0.0,0.0,18.233940664923562,feedback,traffic_within_coverage_tolerance,False
receiver,0.8,8.0,33.0,0.25,0.0,0.0,0.0,9.800999999999986,3.3169769324999963,0.0,0.0,59.622749999999904,feedback,traffic_within_coverage_tolerance,False
sender,0.8,9.0,33.0,0.25,0.0,0.0,0.0,9.800999999999986,8.538658272280664,0.0,0.0,18.233940664923562,feedback,traffic_within_coverage_tolerance,False
receiver,0.8,9.0,33.0,0.25,0.0,0.0,0.0,9.800999999999986,3.3169769324999963,0.0,0.0,59.622749999999904,feedback,traffic_within_coverage_tolerance,False
sender,0.8,10.0,33.0,0.25,0.0,0.0,0.0,9.800999999999986,8.538658272280664,0.0,0.0,18.233940664923562,feedback,traffic_within_coverage_tolerance,False
receiver,0.8,10.0,33.0,0.25,0.0,0.0,0.0,9.800999999999986,3.3169769324999963,0.0,0.0,59.622749999999904,feedback,traffic_within_coverage_tolerance,False
sender,0.8,11.0,33.0,0.25,0.0,0.0,0.0,9.800999999999986,8.538658272280664,0.0,0.0,18.233940664923562,feedback,traffic_within_coverage_tolerance,False
receiver,0.8,11.0,33.0,0.25,0.0,0.0,0.0,9.800999999999986,3.3169769324999963,0.0,0.0,59.622749999999904,feedback,traffic_within_coverage_tolerance,False
sender,0.8,12.0,33.0,0.25,0.0,0.0,0.0,9.800999999999986,8.538658272280664,0.0,0.0,18.233940664923562,feedback,traffic_within_coverage_tolerance,False
receiver,0.8,12.0,33.0,0.25,0.0,0.0,0.0,9.800999999999986,3.3169769324999963,0.0,0.0,59.622749999999904,feedback,traffic_within_coverage_tolerance,False
sender,0.8,13.0,33.0,0.25,0.0,0.0,0.0,9.800999999999986,8.538658272280664,0.0,0.0,18.233940664923562,feedback,traffic_within_coverage_tolerance,False
receiver,0.8,13.0,33.0,0.25,0.0,0.0,0.0,9.800999999999986,3.3169769324999963,0.0,0.0,59.622749999999904,feedback,traffic_within_coverage_tolerance,False
sender,0.8,14.0,33.0,0.25,0.0,0.0,0.0,9.800999999999986,8.538658272280664,0.0,0.0,18.233940664923562,feedback,traffic_within_coverage_tolerance,False
receiver,0.8,14.0,33.0,0.25,0.0,0.0,0.0,9.800999999999986,3.3169769324999963,0.0,0.0,59.622749999999904,feedback,traffic_within_coverage_tolerance,False
sender,0.8,15.0,33.0,0.25,0.0,0.0,0.0,9.800999999999986,8.538658272280664,0.0,0.0,18.233940664923562,feedback,traffic_within_coverage_tolerance,False
receiver,0.8,15.0,33.0,0.25,0.0,0.0,0.0,9.800999999999986,3.3169769324999963,0.0,0.0,59.622749999999904,feedback,traffic_within_coverage_tolerance,False
sender,0.9,0.0,33.0,0.25,0.6366131739000039,0.6274138710312969,-0.9199302868707071,9.801000000000062,8.916640329990805,0.024241522903033896,0.006621649577619159,13.76771282320457,one_way,coverage,False
receiver,0.9,0.0,33.0,0.25,0.6273209487800978,0.6273209487800978,0.0,9.801000000000062,2.6037343950750076,0.006437739227085344,0.006437739227085344,66.18125250000027,feedback,traffic_within_coverage_tolerance,False
sender,0.9,0.5,33.0,0.25,0.6366131739000039,0.6274138710312969,-0.9199302868707071,9.801000000000062,8.916640329990805,0.024241522903033896,0.006621649577619159,13.76771282320457,one_way,coverage,True
receiver,0.9,0.5,33.0,0.25,0.6273209487800978,0.6273209487800978,0.0,9.801000000000062,2.6037343950750076,0.006437739227085344,0.006437739227085344,66.18125250000027,feedback,traffic_within_coverage_tolerance,True
sender,0.9,1.0,33.0,0.25,0.6366131739000039,0.6274138710312969,-0.9199302868707071,9.801000000000062,8.916640329990805,0.024241522903033896,0.006621649577619159,13.76771282320457,one_way,coverage,False
receiver,0.9,1.0,33.0,0.25,0.6273209487800978,0.6273209487800978,0.0,9.801000000000062,2.6037343950750076,0.006437739227085344,0.006437739227085344,66.18125250000027,feedback,traffic_within_coverage_tolerance,False
sender,0.9,2.0,33.0,0.25,0.6366131739000039,0.626830892517298,-0.9782281382705982,9.801000000000062,8.916640329990805,0.024241522903033896,0.006513192094817184,13.76771282320457,one_way,coverage,False
receiver,0.9,2.0,33.0,0.25,0.6273209487800978,0.6273209487800978,0.0,9.801000000000062,2.6037343950750076,0.006437739227085344,0.006437739227085344,66.18125250000027,feedback,traffic_within_coverage_tolerance,False
sender,0.9,3.0,33.0,0.25,0.6366131739000039,0.0,-63.66131739000039,9.801000000000062,8.916640329990805,0.024241522903033896,0.0,13.76771282320457,one_way,coverage,False
receiver,0.9,3.0,33.0,0.25,0.6273209487800978,0.0,-62.73209487800978,9.801000000000062,2.6037343950750076,0.006437739227085344,0.0,66.18125250000027,one_way,coverage,False
sender,0.9,4.0,33.0,0.25,0.6366131739000039,0.0,-63.66131739000039,9.801000000000062,8.916640329990805,0.024241522903033896,0.0,13.76771282320457,one_way,coverage,False
receiver,0.9,4.0,33.0,0.25,0.6273209487800978,0.0,-62.73209487800978,9.801000000000062,2.6037343950750076,0.006437739227085344,0.0,66.18125250000027,one_way,coverage,False
sender,0.9,5.0,33.0,0.25,0.0,0.0,0.0,9.801000000000062,8.916640329990805,0.0,0.0,13.76771282320457,feedback,traffic_within_coverage_tolerance,False
receiver,0.9,5.0,33.0,0.25,0.004518720096665597,0.0,-0.4518720096665597,9.801000000000062,2.6037343950750076,0.024241522903033906,0.0,66.18125250000027,one_way,coverage,False
sender,0.9,6.0,33.0,0.25,0.0,0.0,0.0,9.801000000000062,8.916640329990805,0.0,0.0,13.76771282320457,feedback,traffic_within_coverage_tolerance,False
receiver,0.9,6.0,33.0,0.25,0.0,0.0,0.0,9.801000000000062,2.6037343950750076,0.0,0.0,66.18125250000027,feedback,traffic_within_coverage_tolerance,False
sender,0.9,7.0,33.0,0.25,0.0,0.0,0.0,9.801000000000062,8.916640329990805,0.0,0.0,13.76771282320457,feedback,traffic_within_coverage_tolerance,False
receiver,0.9,7.0,33.0,0.25,0.0,0.0,0.0,9.801000000000062,2.6037343950750076,0.0,0.0,66.18125250000027,feedback,traffic_within_coverage_tolerance,False
sender,0.9,8.0,33.0,0.25,0.0,0.0,0.0,9.801000000000062,8.916640329990805,0.0,0.0,13.76771282320457,feedback,traffic_within_coverage_tolerance,False
receiver,0.9,8.0,33.0,0.25,0.0,0.0,0.0,9.801000000000062,2.6037343950750076,0.0,0.0,66.18125250000027,feedback,traffic_within_coverage_tolerance,False
sender,0.9,9.0,33.0,0.25,0.0,0.0,0.0,9.801000000000062,8.916640329990805,0.0,0.0,13.76771282320457,feedback,traffic_within_coverage_tolerance,False
receiver,0.9,9.0,33.0,0.25,0.0,0.0,0.0,9.801000000000062,2.6037343950750076,0.0,0.0,66.18125250000027,feedback,traffic_within_coverage_tolerance,False
sender,0.9,10.0,33.0,0.25,0.0,0.0,0.0,9.801000000000062,8.916640329990805,0.0,0.0,13.76771282320457,feedback,traffic_within_coverage_tolerance,False
receiver,0.9,10.0,33.0,0.25,0.0,0.0,0.0,9.801000000000062,2.6037343950750076,0.0,0.0,66.18125250000027,feedback,traffic_within_coverage_tolerance,False
sender,0.9,11.0,33.0,0.25,0.0,0.0,0.0,9.801000000000062,8.916640329990805,0.0,0.0,13.76771282320457,feedback,traffic_within_coverage_tolerance,False
receiver,0.9,11.0,33.0,0.25,0.0,0.0,0.0,9.801000000000062,2.6037343950750076,0.0,0.0,66.18125250000027,feedback,traffic_within_coverage_tolerance,False
sender,0.9,12.0,33.0,0.25,0.0,0.0,0.0,9.801000000000062,8.916640329990805,0.0,0.0,13.76771282320457,feedback,traffic_within_coverage_tolerance,False
receiver,0.9,12.0,33.0,0.25,0.0,0.0,0.0,9.801000000000062,2.6037343950750076,0.0,0.0,66.18125250000027,feedback,traffic_within_coverage_tolerance,False
sender,0.9,13.0,33.0,0.25,0.0,0.0,0.0,9.801000000000062,8.916640329990805,0.0,0.0,13.76771282320457,feedback,traffic_within_coverage_tolerance,False
receiver,0.9,13.0,33.0,0.25,0.0,0.0,0.0,9.801000000000062,2.6037343950750076,0.0,0.0,66.18125250000027,feedback,traffic_within_coverage_tolerance,False
sender,0.9,14.0,33.0,0.25,0.0,0.0,0.0,9.801000000000062,8.916640329990805,0.0,0.0,13.76771282320457,feedback,traffic_within_coverage_tolerance,False
receiver,0.9,14.0,33.0,0.25,0.0,0.0,0.0,9.801000000000062,2.6037343950750076,0.0,0.0,66.18125250000027,feedback,traffic_within_coverage_tolerance,False
sender,0.9,15.0,33.0,0.25,0.0,0.0,0.0,9.801000000000062,8.916640329990805,0.0,0.0,13.76771282320457,feedback,traffic_within_coverage_tolerance,False
receiver,0.9,15.0,33.0,0.25,0.0,0.0,0.0,9.801000000000062,2.6037343950750076,0.0,0.0,66.18125250000027,feedback,traffic_within_coverage_tolerance,False
sender,0.95,0.0,33.0,0.25,0.636613173899997,0.638160814117002,0.15476402170049308,9.80099999999994,9.14635518188852,0.024241522903033913,0.0059444982695678,11.173374454027623,feedback,traffic_within_coverage_tolerance,False
receiver,0.95,0.0,33.0,0.25,0.6381764468464666,0.6381764468464666,0.0,9.80099999999994,2.2678976965558957,0.005756639923528024,0.005756639923528024,69.26938270992983,feedback,traffic_within_coverage_tolerance,False
sender,0.95,0.5,33.0,0.25,0.636613173899997,0.638160814117002,0.15476402170049308,9.80099999999994,9.14635518188852,0.024241522903033913,0.0059444982695678,11.173374454027623,feedback,traffic_within_coverage_tolerance,False
receiver,0.95,0.5,33.0,0.25,0.6381764468464666,0.6381764468464666,0.0,9.80099999999994,2.2678976965558957,0.005756639923528024,0.005756639923528024,69.26938270992983,feedback,traffic_within_coverage_tolerance,False
sender,0.95,1.0,33.0,0.25,0.636613173899997,0.638160814117002,0.15476402170049308,9.80099999999994,9.14635518188852,0.024241522903033913,0.0059444982695678,11.173374454027623,feedback,traffic_within_coverage_tolerance,False
receiver,0.95,1.0,33.0,0.25,0.6381764468464666,0.6381764468464666,0.0,9.80099999999994,2.2678976965558957,0.005756639923528024,0.005756639923528024,69.26938270992983,feedback,traffic_within_coverage_tolerance,False
sender,0.95,2.0,33.0,0.25,0.636613173899997,0.637550632830423,0.09374589304259606,9.80099999999994,9.14635518188852,0.024241522903033913,0.005832087419895228,11.173374454027623,feedback,traffic_within_coverage_tolerance,False
receiver,0.95,2.0,33.0,0.25,0.6381764468464666,0.6381764468464666,0.0,9.80099999999994,2.2678976965558957,0.005756639923528024,0.005756639923528024,69.26938270992983,feedback,traffic_within_coverage_tolerance,False
sender,0.95,3.0,33.0,0.25,0.636613173899997,0.0,-63.6613173899997,9.80099999999994,9.14635518188852,0.024241522903033913,0.0,11.173374454027623,one_way,coverage,False
receiver,0.95,3.0,33.0,0.25,0.6381764468464666,0.0,-63.81764468464666,9.80099999999994,2.2678976965558957,0.005756639923528024,0.0,69.26938270992983,one_way,coverage,False
sender,0.95,4.0,33.0,0.25,0.636613173899997,0.0,-63.6613173899997,9.80099999999994,9.14635518188852,0.024241522903033913,0.0,11.173374454027623,one_way,coverage,False
receiver,0.95,4.0,33.0,0.25,0.6381764468464666,0.0,-63.81764468464666,9.80099999999994,2.2678976965558957,0.005756639923528024,0.0,69.26938270992983,one_way,coverage,False
sender,0.95,5.0,33.0,0.25,0.0,0.0,0.0,9.80099999999994,9.14635518188852,0.0,0.0,11.173374454027623,feedback,traffic_within_coverage_tolerance,False
receiver,0.95,5.0,33.0,0.25,0.005999171696011696,0.0,-0.5999171696011696,9.80099999999994,2.2678976965558957,0.024241522903033906,0.0,69.26938270992983,one_way,coverage,False
sender,0.95,6.0,33.0,0.25,0.0,0.0,0.0,9.80099999999994,9.14635518188852,0.0,0.0,11.173374454027623,feedback,traffic_within_coverage_tolerance,False
receiver,0.95,6.0,33.0,0.25,0.0,0.0,0.0,9.80099999999994,2.2678976965558957,0.0,0.0,69.26938270992983,feedback,traffic_within_coverage_tolerance,False
sender,0.95,7.0,33.0,0.25,0.0,0.0,0.0,9.80099999999994,9.14635518188852,0.0,0.0,11.173374454027623,feedback,traffic_within_coverage_tolerance,False
receiver,0.95,7.0,33.0,0.25,0.0,0.0,0.0,9.80099999999994,2.2678976965558957,0.0,0.0,69.26938270992983,feedback,traffic_within_coverage_tolerance,False
sender,0.95,8.0,33.0,0.25,0.0,0.0,0.0,9.80099999999994,9.14635518188852,0.0,0.0,11.173374454027623,feedback,traffic_within_coverage_tolerance,False
receiver,0.95,8.0,33.0,0.25,0.0,0.0,0.0,9.80099999999994,2.2678976965558957,0.0,0.0,69.26938270992983,feedback,traffic_within_coverage_tolerance,False
sender,0.95,9.0,33.0,0.25,0.0,0.0,0.0,9.80099999999994,9.14635518188852,0.0,0.0,11.173374454027623,feedback,traffic_within_coverage_tolerance,False
receiver,0.95,9.0,33.0,0.25,0.0,0.0,0.0,9.80099999999994,2.2678976965558957,0.0,0.0,69.26938270992983,feedback,traffic_within_coverage_tolerance,False
sender,0.95,10.0,33.0,0.25,0.0,0.0,0.0,9.80099999999994,9.14635518188852,0.0,0.0,11.173374454027623,feedback,traffic_within_coverage_tolerance,False
receiver,0.95,10.0,33.0,0.25,0.0,0.0,0.0,9.80099999999994,2.2678976965558957,0.0,0.0,69.26938270992983,feedback,traffic_within_coverage_tolerance,False
sender,0.95,11.0,33.0,0.25,0.0,0.0,0.0,9.80099999999994,9.14635518188852,0.0,0.0,11.173374454027623,feedback,traffic_within_coverage_tolerance,False
receiver,0.95,11.0,33.0,0.25,0.0,0.0,0.0,9.80099999999994,2.2678976965558957,0.0,0.0,69.26938270992983,feedback,traffic_within_coverage_tolerance,False
sender,0.95,12.0,33.0,0.25,0.0,0.0,0.0,9.80099999999994,9.14635518188852,0.0,0.0,11.173374454027623,feedback,traffic_within_coverage_tolerance,False
receiver,0.95,12.0,33.0,0.25,0.0,0.0,0.0,9.80099999999994,2.2678976965558957,0.0,0.0,69.26938270992983,feedback,traffic_within_coverage_tolerance,False
sender,0.95,13.0,33.0,0.25,0.0,0.0,0.0,9.80099999999994,9.14635518188852,0.0,0.0,11.173374454027623,feedback,traffic_within_coverage_tolerance,False
receiver,0.95,13.0,33.0,0.25,0.0,0.0,0.0,9.80099999999994,2.2678976965558957,0.0,0.0,69.26938270992983,feedback,traffic_within_coverage_tolerance,False
sender,0.95,14.0,33.0,0.25,0.0,0.0,0.0,9.80099999999994,9.14635518188852,0.0,0.0,11.173374454027623,feedback,traffic_within_coverage_tolerance,False
receiver,0.95,14.0,33.0,0.25,0.0,0.0,0.0,9.80099999999994,2.2678976965558957,0.0,0.0,69.26938270992983,feedback,traffic_within_coverage_tolerance,False
sender,0.95,15.0,33.0,0.25,0.0,0.0,0.0,9.80099999999994,9.14635518188852,0.0,0.0,11.173374454027623,feedback,traffic_within_coverage_tolerance,False
receiver,0.95,15.0,33.0,0.25,0.0,0.0,0.0,9.80099999999994,2.2678976965558957,0.0,0.0,69.26938270992983,feedback,traffic_within_coverage_tolerance,False
